--------------------------------------------------------
--  File created - Wednesday-January-14-2026   
--------------------------------------------------------
--------------------------------------------------------
--  DDL for Table BOOKS
--------------------------------------------------------

  CREATE TABLE "BOOKS" 
   (	"BOOK_ID" VARCHAR2(20 BYTE), 
	"TITLE" VARCHAR2(50 BYTE), 
	"AUTHOR_LAST_NAME" VARCHAR2(30 BYTE), 
	"AUTHOR_FIRST_NAME" VARCHAR2(30 BYTE), 
	"RATING" NUMBER
   ) SEGMENT CREATION IMMEDIATE 
  PCTFREE 10 PCTUSED 40 INITRANS 1 MAXTRANS 255 NOCOMPRESS LOGGING
  STORAGE(INITIAL 65536 NEXT 1048576 MINEXTENTS 1 MAXEXTENTS 2147483645
  PCTINCREASE 0 FREELISTS 1 FREELIST GROUPS 1 BUFFER_POOL DEFAULT FLASH_CACHE DEFAULT CELL_FLASH_CACHE DEFAULT)
  TABLESPACE "USERS" ;
--------------------------------------------------------
--  DDL for Table PATRONS
--------------------------------------------------------

  CREATE TABLE "PATRONS" 
   (	"PATRON_ID" NUMBER, 
	"LAST_NAME" VARCHAR2(30 BYTE), 
	"FIRST_NAME" VARCHAR2(30 BYTE), 
	"STREET_ADDRESS" VARCHAR2(30 BYTE), 
	"CITY_STATE_ZIP" VARCHAR2(30 BYTE), 
	"LOCATION" VARCHAR2(20 BYTE)
   ) SEGMENT CREATION IMMEDIATE 
  PCTFREE 10 PCTUSED 40 INITRANS 1 MAXTRANS 255 NOCOMPRESS LOGGING
  STORAGE(INITIAL 65536 NEXT 1048576 MINEXTENTS 1 MAXEXTENTS 2147483645
  PCTINCREASE 0 FREELISTS 1 FREELIST GROUPS 1 BUFFER_POOL DEFAULT FLASH_CACHE DEFAULT CELL_FLASH_CACHE DEFAULT)
  TABLESPACE "USERS" ;
--------------------------------------------------------
--  DDL for Table TRANSACTIONS
--------------------------------------------------------

  CREATE TABLE "TRANSACTIONS" 
   (	"TRANSACTION_ID" NUMBER, 
	"PATRON_ID" NUMBER, 
	"BOOK_ID" VARCHAR2(20 BYTE), 
	"TRANSACTION_DATE" DATE, 
	"TRANSACTION_TYPE" NUMBER
   ) SEGMENT CREATION IMMEDIATE 
  PCTFREE 10 PCTUSED 40 INITRANS 1 MAXTRANS 255 NOCOMPRESS LOGGING
  STORAGE(INITIAL 65536 NEXT 1048576 MINEXTENTS 1 MAXEXTENTS 2147483645
  PCTINCREASE 0 FREELISTS 1 FREELIST GROUPS 1 BUFFER_POOL DEFAULT FLASH_CACHE DEFAULT CELL_FLASH_CACHE DEFAULT)
  TABLESPACE "USERS" ;
REM INSERTING into BOOKS
SET DEFINE OFF;
Insert into BOOKS (BOOK_ID,TITLE,AUTHOR_LAST_NAME,AUTHOR_FIRST_NAME,RATING) values ('A1111','Silence on the Moon','Akhtar','Ali',10);
Insert into BOOKS (BOOK_ID,TITLE,AUTHOR_LAST_NAME,AUTHOR_FIRST_NAME,RATING) values ('A2222','Get Rich Really Fast','Asrar','Kashif',1);
Insert into BOOKS (BOOK_ID,TITLE,AUTHOR_LAST_NAME,AUTHOR_FIRST_NAME,RATING) values ('A3333','Finding Ineer Peace','Ahmed','Nadir',0);
Insert into BOOKS (BOOK_ID,TITLE,AUTHOR_LAST_NAME,AUTHOR_FIRST_NAME,RATING) values ('A4444','Great Mystery Stories','Hussain','Nadir',5);
Insert into BOOKS (BOOK_ID,TITLE,AUTHOR_LAST_NAME,AUTHOR_FIRST_NAME,RATING) values ('A5555','Software Wizardry','Iftikhar','Umer',10);
REM INSERTING into PATRONS
SET DEFINE OFF;
Insert into PATRONS (PATRON_ID,LAST_NAME,FIRST_NAME,STREET_ADDRESS,CITY_STATE_ZIP,LOCATION) values (100,'Smith','Jane','123 Main Street','Mytown, MA, 01234',null);
Insert into PATRONS (PATRON_ID,LAST_NAME,FIRST_NAME,STREET_ADDRESS,CITY_STATE_ZIP,LOCATION) values (101,'Chen','Williams','16 S. Maple Road','Mytown, MA 01234',null);
Insert into PATRONS (PATRON_ID,LAST_NAME,FIRST_NAME,STREET_ADDRESS,CITY_STATE_ZIP,LOCATION) values (102,'Fernandez','Maria','502 Harrison Blvd.','Sometown, NH 03078',null);
Insert into PATRONS (PATRON_ID,LAST_NAME,FIRST_NAME,STREET_ADDRESS,CITY_STATE_ZIP,LOCATION) values (103,'Murphy','Sam','57 Main Street','Mytown, MA 01234',null);
REM INSERTING into TRANSACTIONS
SET DEFINE OFF;
Insert into TRANSACTIONS (TRANSACTION_ID,PATRON_ID,BOOK_ID,TRANSACTION_DATE,TRANSACTION_TYPE) values (1,100,'A1111',to_date('24-FEB-19','DD-MON-RR'),1);
Insert into TRANSACTIONS (TRANSACTION_ID,PATRON_ID,BOOK_ID,TRANSACTION_DATE,TRANSACTION_TYPE) values (2,100,'A2222',to_date('25-FEB-19','DD-MON-RR'),2);
Insert into TRANSACTIONS (TRANSACTION_ID,PATRON_ID,BOOK_ID,TRANSACTION_DATE,TRANSACTION_TYPE) values (3,101,'A3333',to_date('08-FEB-19','DD-MON-RR'),3);
Insert into TRANSACTIONS (TRANSACTION_ID,PATRON_ID,BOOK_ID,TRANSACTION_DATE,TRANSACTION_TYPE) values (4,101,'A2222',to_date('20-FEB-19','DD-MON-RR'),1);
Insert into TRANSACTIONS (TRANSACTION_ID,PATRON_ID,BOOK_ID,TRANSACTION_DATE,TRANSACTION_TYPE) values (5,102,'A3333',to_date('20-FEB-19','DD-MON-RR'),1);
Insert into TRANSACTIONS (TRANSACTION_ID,PATRON_ID,BOOK_ID,TRANSACTION_DATE,TRANSACTION_TYPE) values (6,103,'A4444',to_date('04-FEB-19','DD-MON-RR'),2);
Insert into TRANSACTIONS (TRANSACTION_ID,PATRON_ID,BOOK_ID,TRANSACTION_DATE,TRANSACTION_TYPE) values (7,100,'A4444',to_date('04-FEB-19','DD-MON-RR'),1);
Insert into TRANSACTIONS (TRANSACTION_ID,PATRON_ID,BOOK_ID,TRANSACTION_DATE,TRANSACTION_TYPE) values (8,102,'A2222',to_date('24-FEB-19','DD-MON-RR'),2);
Insert into TRANSACTIONS (TRANSACTION_ID,PATRON_ID,BOOK_ID,TRANSACTION_DATE,TRANSACTION_TYPE) values (9,102,'A5555',to_date('14-FEB-19','DD-MON-RR'),1);
Insert into TRANSACTIONS (TRANSACTION_ID,PATRON_ID,BOOK_ID,TRANSACTION_DATE,TRANSACTION_TYPE) values (10,101,'A2222',to_date('09-FEB-19','DD-MON-RR'),1);
