--------------------------------------------------------
--  File created - Wednesday-January-14-2026   
--------------------------------------------------------
--------------------------------------------------------
--  DDL for Table BONUS
--------------------------------------------------------

  CREATE TABLE "BONUS" 
   (	"ENAME" VARCHAR2(10 BYTE), 
	"JOB" VARCHAR2(9 BYTE), 
	"SAL" NUMBER, 
	"COMM" NUMBER
   ) SEGMENT CREATION DEFERRED 
  PCTFREE 10 PCTUSED 40 INITRANS 1 MAXTRANS 255 NOCOMPRESS LOGGING
  TABLESPACE "USERS" ;
--------------------------------------------------------
--  DDL for Table BOOKS
--------------------------------------------------------

  CREATE TABLE "BOOKS" 
   (	"BOOK_ID" VARCHAR2(20 BYTE), 
	"TITLE" VARCHAR2(50 BYTE), 
	"AUTHOR_LAST_NAME" VARCHAR2(30 BYTE), 
	"AUTHOR_FIRST_NAME" VARCHAR2(30 BYTE), 
	"RATING" NUMBER(10,0)
   ) SEGMENT CREATION IMMEDIATE 
  PCTFREE 10 PCTUSED 40 INITRANS 1 MAXTRANS 255 NOCOMPRESS LOGGING
  STORAGE(INITIAL 65536 NEXT 1048576 MINEXTENTS 1 MAXEXTENTS 2147483645
  PCTINCREASE 0 FREELISTS 1 FREELIST GROUPS 1 BUFFER_POOL DEFAULT FLASH_CACHE DEFAULT CELL_FLASH_CACHE DEFAULT)
  TABLESPACE "USERS" ;
--------------------------------------------------------
--  DDL for Table BOOKS_TAHA
--------------------------------------------------------

  CREATE TABLE "BOOKS_TAHA" 
   (	"BOOK_ID" VARCHAR2(20 BYTE), 
	"TITLE" VARCHAR2(50 BYTE), 
	"AUTHOR_LAT_NAME" VARCHAR2(30 BYTE), 
	"AUTHOR_FIRST_NAME" VARCHAR2(30 BYTE), 
	"RATING" NUMBER
   ) SEGMENT CREATION DEFERRED 
  PCTFREE 10 PCTUSED 40 INITRANS 1 MAXTRANS 255 NOCOMPRESS LOGGING
  TABLESPACE "USERS" ;
--------------------------------------------------------
--  DDL for Table BOOKS_new
--------------------------------------------------------

  CREATE TABLE "BOOKS_new" 
   (	"BOOK_ID" VARCHAR2(20 BYTE), 
	"TITLE" VARCHAR2(50 BYTE), 
	"AUTHOR_LAST_NAME" VARCHAR2(30 BYTE), 
	"AUTHOR_FIRST_NAME" VARCHAR2(30 BYTE), 
	"RATING" NUMBER(10,0)
   ) SEGMENT CREATION IMMEDIATE 
  PCTFREE 10 PCTUSED 40 INITRANS 1 MAXTRANS 255 NOCOMPRESS LOGGING
  STORAGE(INITIAL 65536 NEXT 1048576 MINEXTENTS 1 MAXEXTENTS 2147483645
  PCTINCREASE 0 FREELISTS 1 FREELIST GROUPS 1 BUFFER_POOL DEFAULT FLASH_CACHE DEFAULT CELL_FLASH_CACHE DEFAULT)
  TABLESPACE "USERS" ;
--------------------------------------------------------
--  DDL for Table BOOKS_new1
--------------------------------------------------------

  CREATE TABLE "BOOKS_new1" 
   (	"BOOK_ID" VARCHAR2(20 BYTE), 
	"TITLE" VARCHAR2(50 BYTE), 
	"AUTHOR_LAST_NAME" VARCHAR2(30 BYTE), 
	"AUTHOR_FIRST_NAME" VARCHAR2(30 BYTE), 
	"RATING" NUMBER(10,0)
   ) SEGMENT CREATION IMMEDIATE 
  PCTFREE 10 PCTUSED 40 INITRANS 1 MAXTRANS 255 NOCOMPRESS LOGGING
  STORAGE(INITIAL 65536 NEXT 1048576 MINEXTENTS 1 MAXEXTENTS 2147483645
  PCTINCREASE 0 FREELISTS 1 FREELIST GROUPS 1 BUFFER_POOL DEFAULT FLASH_CACHE DEFAULT CELL_FLASH_CACHE DEFAULT)
  TABLESPACE "USERS" ;
--------------------------------------------------------
--  DDL for Table COCOMAN
--------------------------------------------------------

  CREATE TABLE "COCOMAN" 
   (	"ID" NUMBER, 
	"COCO" VARCHAR2(50 BYTE), 
	"MUZAMMIL_BEN10" VARCHAR2(30 BYTE), 
	"CREATED_DATE" DATE
   ) SEGMENT CREATION DEFERRED 
  PCTFREE 10 PCTUSED 40 INITRANS 1 MAXTRANS 255 NOCOMPRESS LOGGING
  TABLESPACE "USERS" ;
--------------------------------------------------------
--  DDL for Table DEPT
--------------------------------------------------------

  CREATE TABLE "DEPT" 
   (	"DEPTNO" NUMBER(2,0), 
	"DNAME" VARCHAR2(14 BYTE), 
	"LOC" VARCHAR2(13 BYTE)
   ) SEGMENT CREATION IMMEDIATE 
  PCTFREE 10 PCTUSED 40 INITRANS 1 MAXTRANS 255 NOCOMPRESS LOGGING
  STORAGE(INITIAL 65536 NEXT 1048576 MINEXTENTS 1 MAXEXTENTS 2147483645
  PCTINCREASE 0 FREELISTS 1 FREELIST GROUPS 1 BUFFER_POOL DEFAULT FLASH_CACHE DEFAULT CELL_FLASH_CACHE DEFAULT)
  TABLESPACE "USERS" ;
--------------------------------------------------------
--  DDL for Table EMP
--------------------------------------------------------

  CREATE TABLE "EMP" 
   (	"EMPNO" NUMBER(4,0), 
	"ENAME" VARCHAR2(10 BYTE), 
	"JOB" VARCHAR2(9 BYTE), 
	"MGR" NUMBER(4,0), 
	"HIREDATE" DATE, 
	"SAL" NUMBER(7,2), 
	"COMM" NUMBER(7,2), 
	"DEPTNO" NUMBER(2,0)
   ) SEGMENT CREATION IMMEDIATE 
  PCTFREE 10 PCTUSED 40 INITRANS 1 MAXTRANS 255 NOCOMPRESS LOGGING
  STORAGE(INITIAL 65536 NEXT 1048576 MINEXTENTS 1 MAXEXTENTS 2147483645
  PCTINCREASE 0 FREELISTS 1 FREELIST GROUPS 1 BUFFER_POOL DEFAULT FLASH_CACHE DEFAULT CELL_FLASH_CACHE DEFAULT)
  TABLESPACE "USERS" ;
--------------------------------------------------------
--  DDL for Table EMP_EXTENRAL
--------------------------------------------------------

  CREATE TABLE "EMP_EXTENRAL" 
   (	"EMPNO" NUMBER(4,0), 
	"ENAME" VARCHAR2(10 BYTE), 
	"JOB" VARCHAR2(9 BYTE), 
	"MGR" NUMBER(4,0), 
	"HIREDATE" DATE, 
	"SAL" NUMBER(7,2), 
	"COMM" NUMBER(7,2), 
	"DEPTNO" NUMBER(2,0)
   ) SEGMENT CREATION IMMEDIATE 
  PCTFREE 10 PCTUSED 40 INITRANS 1 MAXTRANS 255 NOCOMPRESS LOGGING
  STORAGE(INITIAL 65536 NEXT 1048576 MINEXTENTS 1 MAXEXTENTS 2147483645
  PCTINCREASE 0 FREELISTS 1 FREELIST GROUPS 1 BUFFER_POOL DEFAULT FLASH_CACHE DEFAULT CELL_FLASH_CACHE DEFAULT)
  TABLESPACE "USERS" ;
--------------------------------------------------------
--  DDL for Table EMP_G2
--------------------------------------------------------

  CREATE TABLE "EMP_G2" 
   (	"EMPNO" NUMBER(4,0), 
	"ENAME" VARCHAR2(10 BYTE), 
	"JOB" VARCHAR2(9 BYTE), 
	"MGR" NUMBER(4,0), 
	"HIREDATE" DATE, 
	"SAL" NUMBER(7,2), 
	"COMM" NUMBER(7,2), 
	"DEPTNO" NUMBER(2,0)
   ) SEGMENT CREATION IMMEDIATE 
  PCTFREE 10 PCTUSED 40 INITRANS 1 MAXTRANS 255 NOCOMPRESS LOGGING
  STORAGE(INITIAL 65536 NEXT 1048576 MINEXTENTS 1 MAXEXTENTS 2147483645
  PCTINCREASE 0 FREELISTS 1 FREELIST GROUPS 1 BUFFER_POOL DEFAULT FLASH_CACHE DEFAULT CELL_FLASH_CACHE DEFAULT)
  TABLESPACE "USERS" ;
--------------------------------------------------------
--  DDL for Table EXERCISE_1
--------------------------------------------------------

  CREATE TABLE "EXERCISE_1" 
   (	"BOOK_ID" VARCHAR2(20 BYTE), 
	"EMPN" VARCHAR2(50 BYTE), 
	"AUTHOR_LAST_NAME" VARCHAR2(30 BYTE), 
	"AUTHOR_FIRST_NAME" VARCHAR2(30 BYTE), 
	"RATING" NUMBER
   ) SEGMENT CREATION DEFERRED 
  PCTFREE 10 PCTUSED 40 INITRANS 1 MAXTRANS 255 NOCOMPRESS LOGGING
  TABLESPACE "USERS" ;
--------------------------------------------------------
--  DDL for Table G2_2
--------------------------------------------------------

  CREATE TABLE "G2_2" 
   (	"STUDENT_ID" NUMBER(4,0), 
	"STUDENT_NAME" VARCHAR2(20 BYTE), 
	"DEPT_NO" NUMBER(4,0)
   ) SEGMENT CREATION IMMEDIATE 
  PCTFREE 10 PCTUSED 40 INITRANS 1 MAXTRANS 255 NOCOMPRESS LOGGING
  STORAGE(INITIAL 65536 NEXT 1048576 MINEXTENTS 1 MAXEXTENTS 2147483645
  PCTINCREASE 0 FREELISTS 1 FREELIST GROUPS 1 BUFFER_POOL DEFAULT FLASH_CACHE DEFAULT CELL_FLASH_CACHE DEFAULT)
  TABLESPACE "USERS" ;
--------------------------------------------------------
--  DDL for Table G2_STUDENT
--------------------------------------------------------

  CREATE TABLE "G2_STUDENT" 
   (	"STUDENTID" NUMBER(4,0), 
	"DEPT_NO" NUMBER(4,0), 
	"STUDENTNAME" VARCHAR2(20 BYTE)
   ) SEGMENT CREATION IMMEDIATE 
  PCTFREE 10 PCTUSED 40 INITRANS 1 MAXTRANS 255 NOCOMPRESS LOGGING
  STORAGE(INITIAL 65536 NEXT 1048576 MINEXTENTS 1 MAXEXTENTS 2147483645
  PCTINCREASE 0 FREELISTS 1 FREELIST GROUPS 1 BUFFER_POOL DEFAULT FLASH_CACHE DEFAULT CELL_FLASH_CACHE DEFAULT)
  TABLESPACE "USERS" ;
--------------------------------------------------------
--  DDL for Table LAB2
--------------------------------------------------------

  CREATE TABLE "LAB2" 
   (	"STUDENT" VARCHAR2(20 BYTE), 
	"STUDENT_ID" NUMBER, 
	"DeptNO" NUMBER
   ) SEGMENT CREATION IMMEDIATE 
  PCTFREE 10 PCTUSED 40 INITRANS 1 MAXTRANS 255 NOCOMPRESS LOGGING
  STORAGE(INITIAL 65536 NEXT 1048576 MINEXTENTS 1 MAXEXTENTS 2147483645
  PCTINCREASE 0 FREELISTS 1 FREELIST GROUPS 1 BUFFER_POOL DEFAULT FLASH_CACHE DEFAULT CELL_FLASH_CACHE DEFAULT)
  TABLESPACE "USERS" ;
--------------------------------------------------------
--  DDL for Table MUJHENHIAATA
--------------------------------------------------------

  CREATE TABLE "MUJHENHIAATA" 
   (	"EMPNAME" VARCHAR2(20 BYTE)
   ) SEGMENT CREATION IMMEDIATE 
  PCTFREE 10 PCTUSED 40 INITRANS 1 MAXTRANS 255 NOCOMPRESS LOGGING
  STORAGE(INITIAL 65536 NEXT 1048576 MINEXTENTS 1 MAXEXTENTS 2147483645
  PCTINCREASE 0 FREELISTS 1 FREELIST GROUPS 1 BUFFER_POOL DEFAULT FLASH_CACHE DEFAULT CELL_FLASH_CACHE DEFAULT)
  TABLESPACE "USERS" ;
--------------------------------------------------------
--  DDL for Table NEW_REGIONS
--------------------------------------------------------

  CREATE TABLE "NEW_REGIONS" 
   (	"REGION_ID" NUMBER, 
	"REGION_NAME" VARCHAR2(25 BYTE)
   ) SEGMENT CREATION IMMEDIATE 
  PCTFREE 10 PCTUSED 40 INITRANS 1 MAXTRANS 255 NOCOMPRESS LOGGING
  STORAGE(INITIAL 65536 NEXT 1048576 MINEXTENTS 1 MAXEXTENTS 2147483645
  PCTINCREASE 0 FREELISTS 1 FREELIST GROUPS 1 BUFFER_POOL DEFAULT FLASH_CACHE DEFAULT CELL_FLASH_CACHE DEFAULT)
  TABLESPACE "USERS" ;
--------------------------------------------------------
--  DDL for Table NEW_TABLE
--------------------------------------------------------

  CREATE TABLE "NEW_TABLE" 
   (	"STUDENT_ID" VARCHAR2(30 BYTE), 
	"NAME" VARCHAR2(20 BYTE), 
	"DEPTNO" NUMBER(*,0)
   ) SEGMENT CREATION IMMEDIATE 
  PCTFREE 10 PCTUSED 40 INITRANS 1 MAXTRANS 255 NOCOMPRESS LOGGING
  STORAGE(INITIAL 65536 NEXT 1048576 MINEXTENTS 1 MAXEXTENTS 2147483645
  PCTINCREASE 0 FREELISTS 1 FREELIST GROUPS 1 BUFFER_POOL DEFAULT FLASH_CACHE DEFAULT CELL_FLASH_CACHE DEFAULT)
  TABLESPACE "USERS" ;
--------------------------------------------------------
--  DDL for Table NEW_TABLE3
--------------------------------------------------------

  CREATE TABLE "NEW_TABLE3" 
   (	"SAL" NUMBER(20,0), 
	"EMPNAME" VARCHAR2(20 BYTE)
   ) SEGMENT CREATION IMMEDIATE 
  PCTFREE 10 PCTUSED 40 INITRANS 1 MAXTRANS 255 NOCOMPRESS LOGGING
  STORAGE(INITIAL 65536 NEXT 1048576 MINEXTENTS 1 MAXEXTENTS 2147483645
  PCTINCREASE 0 FREELISTS 1 FREELIST GROUPS 1 BUFFER_POOL DEFAULT FLASH_CACHE DEFAULT CELL_FLASH_CACHE DEFAULT)
  TABLESPACE "USERS" ;
--------------------------------------------------------
--  DDL for Table NEW_TABLE_2
--------------------------------------------------------

  CREATE TABLE "NEW_TABLE_2" 
   (	"STUDENTID" NUMBER, 
	"STUDENT_NAME" VARCHAR2(30 BYTE), 
	"DEPT_NAME" VARCHAR2(30 BYTE)
   ) SEGMENT CREATION DEFERRED 
  PCTFREE 10 PCTUSED 40 INITRANS 1 MAXTRANS 255 NOCOMPRESS LOGGING
  TABLESPACE "USERS" ;
--------------------------------------------------------
--  DDL for Table PATRONS
--------------------------------------------------------

  CREATE TABLE "PATRONS" 
   (	"last_name" VARCHAR2(20 BYTE), 
	"PATRON_ID" NUMBER
   ) SEGMENT CREATION DEFERRED 
  PCTFREE 10 PCTUSED 40 INITRANS 1 MAXTRANS 255 NOCOMPRESS LOGGING
  TABLESPACE "USERS" ;
--------------------------------------------------------
--  DDL for Table PATRONSEX1
--------------------------------------------------------

  CREATE TABLE "PATRONSEX1" 
   (	"PATRON_ID" NUMBER, 
	"LAST_NAME" VARCHAR2(30 BYTE), 
	"STREET_ADDRESS" VARCHAR2(30 BYTE), 
	"CITY_STATE_ZIP" VARCHAR2(30 BYTE), 
	"FIRST_NAME" VARCHAR2(30 BYTE)
   ) SEGMENT CREATION DEFERRED 
  PCTFREE 10 PCTUSED 40 INITRANS 1 MAXTRANS 255 NOCOMPRESS LOGGING
  TABLESPACE "USERS" ;
--------------------------------------------------------
--  DDL for Table SALGRADE
--------------------------------------------------------

  CREATE TABLE "SALGRADE" 
   (	"GRADE" NUMBER, 
	"LOSAL" NUMBER, 
	"HISAL" NUMBER
   ) SEGMENT CREATION IMMEDIATE 
  PCTFREE 10 PCTUSED 40 INITRANS 1 MAXTRANS 255 NOCOMPRESS LOGGING
  STORAGE(INITIAL 65536 NEXT 1048576 MINEXTENTS 1 MAXEXTENTS 2147483645
  PCTINCREASE 0 FREELISTS 1 FREELIST GROUPS 1 BUFFER_POOL DEFAULT FLASH_CACHE DEFAULT CELL_FLASH_CACHE DEFAULT)
  TABLESPACE "USERS" ;
--------------------------------------------------------
--  DDL for Table TRANASACTIONS
--------------------------------------------------------

  CREATE TABLE "TRANASACTIONS" 
   (	"TRANASACTION_ID" NUMBER, 
	"PATRON_ID" NUMBER, 
	"BOOK_ID" VARCHAR2(20 BYTE), 
	"TRANASACTION_DATE" DATE, 
	"TRANSACTION_TYPE" NUMBER
   ) SEGMENT CREATION DEFERRED 
  PCTFREE 10 PCTUSED 40 INITRANS 1 MAXTRANS 255 NOCOMPRESS LOGGING
  TABLESPACE "USERS" ;
--------------------------------------------------------
--  DDL for Sequence G2_2_SEQ
--------------------------------------------------------

   CREATE SEQUENCE  "G2_2_SEQ"  MINVALUE 1 MAXVALUE 9999999999999999999999999999 INCREMENT BY 1 START WITH 21 CACHE 20 NOORDER  NOCYCLE ;
--------------------------------------------------------
--  DDL for Sequence G2_STUDENT_SEQ
--------------------------------------------------------

   CREATE SEQUENCE  "G2_STUDENT_SEQ"  MINVALUE 1 MAXVALUE 9999999999999999999999999999 INCREMENT BY 1 START WITH 21 CACHE 20 NOORDER  NOCYCLE ;
REM INSERTING into BONUS
SET DEFINE OFF;
REM INSERTING into BOOKS
SET DEFINE OFF;
Insert into BOOKS (BOOK_ID,TITLE,AUTHOR_LAST_NAME,AUTHOR_FIRST_NAME,RATING) values ('1001','maths','saad','zai',10);
Insert into BOOKS (BOOK_ID,TITLE,AUTHOR_LAST_NAME,AUTHOR_FIRST_NAME,RATING) values ('1002','phy','Muhammad','Arif',10);
Insert into BOOKS (BOOK_ID,TITLE,AUTHOR_LAST_NAME,AUTHOR_FIRST_NAME,RATING) values ('1003','chem','hamza','ajmal',5);
REM INSERTING into BOOKS_TAHA
SET DEFINE OFF;
REM INSERTING into "BOOKS_new"
SET DEFINE OFF;
REM INSERTING into "BOOKS_new1"
SET DEFINE OFF;
REM INSERTING into COCOMAN
SET DEFINE OFF;
REM INSERTING into DEPT
SET DEFINE OFF;
Insert into DEPT (DEPTNO,DNAME,LOC) values (10,'ACCOUNTING','NEW YORK');
Insert into DEPT (DEPTNO,DNAME,LOC) values (20,'RESEARCH','DALLAS');
Insert into DEPT (DEPTNO,DNAME,LOC) values (30,'SALES','CHICAGO');
Insert into DEPT (DEPTNO,DNAME,LOC) values (40,'OPERATIONS','BOSTON');
REM INSERTING into EMP
SET DEFINE OFF;
Insert into EMP (EMPNO,ENAME,JOB,MGR,HIREDATE,SAL,COMM,DEPTNO) values (7369,'SMITH','CLERK',7902,to_date('17-DEC-80','DD-MON-RR'),800,null,20);
Insert into EMP (EMPNO,ENAME,JOB,MGR,HIREDATE,SAL,COMM,DEPTNO) values (7499,'ALLEN','SALESMAN',7698,to_date('20-FEB-81','DD-MON-RR'),1600,300,30);
Insert into EMP (EMPNO,ENAME,JOB,MGR,HIREDATE,SAL,COMM,DEPTNO) values (7521,'WARD','SALESMAN',7698,to_date('22-FEB-81','DD-MON-RR'),1250,500,30);
Insert into EMP (EMPNO,ENAME,JOB,MGR,HIREDATE,SAL,COMM,DEPTNO) values (7566,'JONES','MANAGER',7839,to_date('02-APR-81','DD-MON-RR'),2975,null,20);
Insert into EMP (EMPNO,ENAME,JOB,MGR,HIREDATE,SAL,COMM,DEPTNO) values (7654,'MARTIN','SALESMAN',7698,to_date('28-SEP-81','DD-MON-RR'),1250,1400,30);
Insert into EMP (EMPNO,ENAME,JOB,MGR,HIREDATE,SAL,COMM,DEPTNO) values (7698,'BLAKE','MANAGER',7839,to_date('01-MAY-81','DD-MON-RR'),2850,null,30);
Insert into EMP (EMPNO,ENAME,JOB,MGR,HIREDATE,SAL,COMM,DEPTNO) values (7782,'CLARK','MANAGER',7839,to_date('09-JUN-81','DD-MON-RR'),2450,null,10);
Insert into EMP (EMPNO,ENAME,JOB,MGR,HIREDATE,SAL,COMM,DEPTNO) values (7788,'SCOTT','ANALYST',7566,to_date('19-APR-87','DD-MON-RR'),3000,null,20);
Insert into EMP (EMPNO,ENAME,JOB,MGR,HIREDATE,SAL,COMM,DEPTNO) values (7839,'KING','PRESIDENT',null,to_date('17-NOV-81','DD-MON-RR'),5000,null,10);
Insert into EMP (EMPNO,ENAME,JOB,MGR,HIREDATE,SAL,COMM,DEPTNO) values (7844,'TURNER','SALESMAN',7698,to_date('08-SEP-81','DD-MON-RR'),1500,0,30);
Insert into EMP (EMPNO,ENAME,JOB,MGR,HIREDATE,SAL,COMM,DEPTNO) values (7876,'ADAMS','CLERK',7788,to_date('23-MAY-87','DD-MON-RR'),1100,null,20);
Insert into EMP (EMPNO,ENAME,JOB,MGR,HIREDATE,SAL,COMM,DEPTNO) values (7900,'JAMES','CLERK',7698,to_date('03-DEC-81','DD-MON-RR'),950,null,30);
Insert into EMP (EMPNO,ENAME,JOB,MGR,HIREDATE,SAL,COMM,DEPTNO) values (7902,'FORD','ANALYST',7566,to_date('03-DEC-81','DD-MON-RR'),3000,null,20);
Insert into EMP (EMPNO,ENAME,JOB,MGR,HIREDATE,SAL,COMM,DEPTNO) values (7934,'MILLER','CLERK',7782,to_date('23-JAN-82','DD-MON-RR'),1300,null,10);
REM INSERTING into EMP_EXTENRAL
SET DEFINE OFF;
Insert into EMP_EXTENRAL (EMPNO,ENAME,JOB,MGR,HIREDATE,SAL,COMM,DEPTNO) values (7369,'SMITH','CLERK',7902,to_date('17-DEC-80','DD-MON-RR'),800,null,20);
Insert into EMP_EXTENRAL (EMPNO,ENAME,JOB,MGR,HIREDATE,SAL,COMM,DEPTNO) values (7499,'ALLEN','SALESMAN',7698,to_date('20-FEB-81','DD-MON-RR'),1600,300,30);
Insert into EMP_EXTENRAL (EMPNO,ENAME,JOB,MGR,HIREDATE,SAL,COMM,DEPTNO) values (7521,'WARD','SALESMAN',7698,to_date('22-FEB-81','DD-MON-RR'),1250,500,30);
Insert into EMP_EXTENRAL (EMPNO,ENAME,JOB,MGR,HIREDATE,SAL,COMM,DEPTNO) values (7566,'JONES','MANAGER',7839,to_date('02-APR-81','DD-MON-RR'),2975,null,20);
Insert into EMP_EXTENRAL (EMPNO,ENAME,JOB,MGR,HIREDATE,SAL,COMM,DEPTNO) values (7654,'MARTIN','SALESMAN',7698,to_date('28-SEP-81','DD-MON-RR'),1250,1400,30);
Insert into EMP_EXTENRAL (EMPNO,ENAME,JOB,MGR,HIREDATE,SAL,COMM,DEPTNO) values (7698,'BLAKE','MANAGER',7839,to_date('01-MAY-81','DD-MON-RR'),2850,null,30);
Insert into EMP_EXTENRAL (EMPNO,ENAME,JOB,MGR,HIREDATE,SAL,COMM,DEPTNO) values (7782,'CLARK','MANAGER',7839,to_date('09-JUN-81','DD-MON-RR'),2450,null,10);
Insert into EMP_EXTENRAL (EMPNO,ENAME,JOB,MGR,HIREDATE,SAL,COMM,DEPTNO) values (7788,'SCOTT','ANALYST',7566,to_date('19-APR-87','DD-MON-RR'),3000,null,20);
Insert into EMP_EXTENRAL (EMPNO,ENAME,JOB,MGR,HIREDATE,SAL,COMM,DEPTNO) values (7839,'KING','PRESIDENT',null,to_date('17-NOV-81','DD-MON-RR'),5000,null,10);
Insert into EMP_EXTENRAL (EMPNO,ENAME,JOB,MGR,HIREDATE,SAL,COMM,DEPTNO) values (7844,'TURNER','SALESMAN',7698,to_date('08-SEP-81','DD-MON-RR'),1500,0,30);
Insert into EMP_EXTENRAL (EMPNO,ENAME,JOB,MGR,HIREDATE,SAL,COMM,DEPTNO) values (7876,'ADAMS','CLERK',7788,to_date('23-MAY-87','DD-MON-RR'),1100,null,20);
Insert into EMP_EXTENRAL (EMPNO,ENAME,JOB,MGR,HIREDATE,SAL,COMM,DEPTNO) values (7900,'JAMES','CLERK',7698,to_date('03-DEC-81','DD-MON-RR'),950,null,30);
Insert into EMP_EXTENRAL (EMPNO,ENAME,JOB,MGR,HIREDATE,SAL,COMM,DEPTNO) values (7902,'FORD','ANALYST',7566,to_date('03-DEC-81','DD-MON-RR'),3000,null,20);
Insert into EMP_EXTENRAL (EMPNO,ENAME,JOB,MGR,HIREDATE,SAL,COMM,DEPTNO) values (7934,'MILLER','CLERK',7782,to_date('23-JAN-82','DD-MON-RR'),1300,null,10);
REM INSERTING into EMP_G2
SET DEFINE OFF;
Insert into EMP_G2 (EMPNO,ENAME,JOB,MGR,HIREDATE,SAL,COMM,DEPTNO) values (7369,'SMITH','CLERK',7902,to_date('17-DEC-80','DD-MON-RR'),800,null,20);
Insert into EMP_G2 (EMPNO,ENAME,JOB,MGR,HIREDATE,SAL,COMM,DEPTNO) values (7499,'ALLEN','SALESMAN',7698,to_date('20-FEB-81','DD-MON-RR'),1600,300,30);
Insert into EMP_G2 (EMPNO,ENAME,JOB,MGR,HIREDATE,SAL,COMM,DEPTNO) values (7521,'WARD','SALESMAN',7698,to_date('22-FEB-81','DD-MON-RR'),1250,500,30);
Insert into EMP_G2 (EMPNO,ENAME,JOB,MGR,HIREDATE,SAL,COMM,DEPTNO) values (7566,'JONES','MANAGER',7839,to_date('02-APR-81','DD-MON-RR'),2975,null,20);
Insert into EMP_G2 (EMPNO,ENAME,JOB,MGR,HIREDATE,SAL,COMM,DEPTNO) values (7654,'MARTIN','SALESMAN',7698,to_date('28-SEP-81','DD-MON-RR'),1250,1400,30);
Insert into EMP_G2 (EMPNO,ENAME,JOB,MGR,HIREDATE,SAL,COMM,DEPTNO) values (7698,'BLAKE','MANAGER',7839,to_date('01-MAY-81','DD-MON-RR'),2850,null,30);
Insert into EMP_G2 (EMPNO,ENAME,JOB,MGR,HIREDATE,SAL,COMM,DEPTNO) values (7782,'CLARK','MANAGER',7839,to_date('09-JUN-81','DD-MON-RR'),2450,null,10);
Insert into EMP_G2 (EMPNO,ENAME,JOB,MGR,HIREDATE,SAL,COMM,DEPTNO) values (7788,'SCOTT','ANALYST',7566,to_date('19-APR-87','DD-MON-RR'),3000,null,20);
Insert into EMP_G2 (EMPNO,ENAME,JOB,MGR,HIREDATE,SAL,COMM,DEPTNO) values (7839,'KING','PRESIDENT',null,to_date('17-NOV-81','DD-MON-RR'),5000,null,10);
Insert into EMP_G2 (EMPNO,ENAME,JOB,MGR,HIREDATE,SAL,COMM,DEPTNO) values (7844,'TURNER','SALESMAN',7698,to_date('08-SEP-81','DD-MON-RR'),1500,0,30);
Insert into EMP_G2 (EMPNO,ENAME,JOB,MGR,HIREDATE,SAL,COMM,DEPTNO) values (7876,'ADAMS','CLERK',7788,to_date('23-MAY-87','DD-MON-RR'),1100,null,20);
Insert into EMP_G2 (EMPNO,ENAME,JOB,MGR,HIREDATE,SAL,COMM,DEPTNO) values (7900,'JAMES','CLERK',7698,to_date('03-DEC-81','DD-MON-RR'),950,null,30);
Insert into EMP_G2 (EMPNO,ENAME,JOB,MGR,HIREDATE,SAL,COMM,DEPTNO) values (7902,'FORD','ANALYST',7566,to_date('03-DEC-81','DD-MON-RR'),3000,null,20);
Insert into EMP_G2 (EMPNO,ENAME,JOB,MGR,HIREDATE,SAL,COMM,DEPTNO) values (7934,'MILLER','CLERK',7782,to_date('23-JAN-82','DD-MON-RR'),1300,null,10);
REM INSERTING into EXERCISE_1
SET DEFINE OFF;
REM INSERTING into G2_2
SET DEFINE OFF;
Insert into G2_2 (STUDENT_ID,STUDENT_NAME,DEPT_NO) values (2,'USMAN',10);
REM INSERTING into G2_STUDENT
SET DEFINE OFF;
Insert into G2_STUDENT (STUDENTID,DEPT_NO,STUDENTNAME) values (1,10,'USMAN SHAHZAD');
Insert into G2_STUDENT (STUDENTID,DEPT_NO,STUDENTNAME) values (2,20,'ASAD');
Insert into G2_STUDENT (STUDENTID,DEPT_NO,STUDENTNAME) values (4,30,'USMAN SIDDIQUI');
REM INSERTING into LAB2
SET DEFINE OFF;
Insert into LAB2 (STUDENT,STUDENT_ID,"DeptNO") values ('Taha',1,10);
REM INSERTING into MUJHENHIAATA
SET DEFINE OFF;
Insert into MUJHENHIAATA (EMPNAME) values ('SMITH');
Insert into MUJHENHIAATA (EMPNAME) values ('ALLEN');
Insert into MUJHENHIAATA (EMPNAME) values ('WARD');
Insert into MUJHENHIAATA (EMPNAME) values ('JONES');
Insert into MUJHENHIAATA (EMPNAME) values ('MARTIN');
Insert into MUJHENHIAATA (EMPNAME) values ('BLAKE');
Insert into MUJHENHIAATA (EMPNAME) values ('CLARK');
Insert into MUJHENHIAATA (EMPNAME) values ('SCOTT');
Insert into MUJHENHIAATA (EMPNAME) values ('KING');
Insert into MUJHENHIAATA (EMPNAME) values ('TURNER');
Insert into MUJHENHIAATA (EMPNAME) values ('ADAMS');
Insert into MUJHENHIAATA (EMPNAME) values ('JAMES');
Insert into MUJHENHIAATA (EMPNAME) values ('FORD');
Insert into MUJHENHIAATA (EMPNAME) values ('MILLER');
REM INSERTING into NEW_REGIONS
SET DEFINE OFF;
Insert into NEW_REGIONS (REGION_ID,REGION_NAME) values (1001,'maths');
Insert into NEW_REGIONS (REGION_ID,REGION_NAME) values (1002,'phy');
Insert into NEW_REGIONS (REGION_ID,REGION_NAME) values (1003,'chem');
REM INSERTING into NEW_TABLE
SET DEFINE OFF;
Insert into NEW_TABLE (STUDENT_ID,NAME,DEPTNO) values ('MATHS','218',4);
Insert into NEW_TABLE (STUDENT_ID,NAME,DEPTNO) values ('PHYSICS','278',4);
REM INSERTING into NEW_TABLE3
SET DEFINE OFF;
Insert into NEW_TABLE3 (SAL,EMPNAME) values (800,'SMITH');
Insert into NEW_TABLE3 (SAL,EMPNAME) values (1600,'ALLEN');
Insert into NEW_TABLE3 (SAL,EMPNAME) values (1250,'WARD');
Insert into NEW_TABLE3 (SAL,EMPNAME) values (2975,'JONES');
Insert into NEW_TABLE3 (SAL,EMPNAME) values (1250,'MARTIN');
Insert into NEW_TABLE3 (SAL,EMPNAME) values (2850,'BLAKE');
Insert into NEW_TABLE3 (SAL,EMPNAME) values (2450,'CLARK');
Insert into NEW_TABLE3 (SAL,EMPNAME) values (3000,'SCOTT');
Insert into NEW_TABLE3 (SAL,EMPNAME) values (5000,'KING');
Insert into NEW_TABLE3 (SAL,EMPNAME) values (1500,'TURNER');
Insert into NEW_TABLE3 (SAL,EMPNAME) values (1100,'ADAMS');
Insert into NEW_TABLE3 (SAL,EMPNAME) values (950,'JAMES');
Insert into NEW_TABLE3 (SAL,EMPNAME) values (3000,'FORD');
Insert into NEW_TABLE3 (SAL,EMPNAME) values (1300,'MILLER');
REM INSERTING into NEW_TABLE_2
SET DEFINE OFF;
REM INSERTING into PATRONS
SET DEFINE OFF;
REM INSERTING into PATRONSEX1
SET DEFINE OFF;
REM INSERTING into SALGRADE
SET DEFINE OFF;
Insert into SALGRADE (GRADE,LOSAL,HISAL) values (1,700,1200);
Insert into SALGRADE (GRADE,LOSAL,HISAL) values (2,1201,1400);
Insert into SALGRADE (GRADE,LOSAL,HISAL) values (3,1401,2000);
Insert into SALGRADE (GRADE,LOSAL,HISAL) values (4,2001,3000);
Insert into SALGRADE (GRADE,LOSAL,HISAL) values (5,3001,9999);
REM INSERTING into TRANASACTIONS
SET DEFINE OFF;
--------------------------------------------------------
--  DDL for Index BOOKS
--------------------------------------------------------

  CREATE UNIQUE INDEX "BOOKS" ON "BOOKS" ("BOOK_ID") 
  PCTFREE 10 INITRANS 2 MAXTRANS 255 COMPUTE STATISTICS 
  STORAGE(INITIAL 65536 NEXT 1048576 MINEXTENTS 1 MAXEXTENTS 2147483645
  PCTINCREASE 0 FREELISTS 1 FREELIST GROUPS 1 BUFFER_POOL DEFAULT FLASH_CACHE DEFAULT CELL_FLASH_CACHE DEFAULT)
  TABLESPACE "USERS" ;
--------------------------------------------------------
--  DDL for Index BOOK_ID_PKEY
--------------------------------------------------------

  CREATE UNIQUE INDEX "BOOK_ID_PKEY" ON "EXERCISE_1" ("BOOK_ID") 
  PCTFREE 10 INITRANS 2 MAXTRANS 255 COMPUTE STATISTICS NOCOMPRESS LOGGING
  TABLESPACE "USERS" ;
--------------------------------------------------------
--  DDL for Index ID
--------------------------------------------------------

  CREATE UNIQUE INDEX "ID" ON "G2_2" ("STUDENT_ID") 
  PCTFREE 10 INITRANS 2 MAXTRANS 255 COMPUTE STATISTICS 
  STORAGE(INITIAL 65536 NEXT 1048576 MINEXTENTS 1 MAXEXTENTS 2147483645
  PCTINCREASE 0 FREELISTS 1 FREELIST GROUPS 1 BUFFER_POOL DEFAULT FLASH_CACHE DEFAULT CELL_FLASH_CACHE DEFAULT)
  TABLESPACE "USERS" ;
--------------------------------------------------------
--  DDL for Index PATRON_ID_PKEY
--------------------------------------------------------

  CREATE UNIQUE INDEX "PATRON_ID_PKEY" ON "PATRONSEX1" ("PATRON_ID") 
  PCTFREE 10 INITRANS 2 MAXTRANS 255 COMPUTE STATISTICS NOCOMPRESS LOGGING
  TABLESPACE "USERS" ;
--------------------------------------------------------
--  DDL for Index PK_COCO
--------------------------------------------------------

  CREATE UNIQUE INDEX "PK_COCO" ON "COCOMAN" ("ID") 
  PCTFREE 10 INITRANS 2 MAXTRANS 255 NOCOMPRESS LOGGING
  TABLESPACE "USERS" ;
--------------------------------------------------------
--  DDL for Index PK_DEPT
--------------------------------------------------------

  CREATE UNIQUE INDEX "PK_DEPT" ON "DEPT" ("DEPTNO") 
  PCTFREE 10 INITRANS 2 MAXTRANS 255 
  STORAGE(INITIAL 65536 NEXT 1048576 MINEXTENTS 1 MAXEXTENTS 2147483645
  PCTINCREASE 0 FREELISTS 1 FREELIST GROUPS 1 BUFFER_POOL DEFAULT FLASH_CACHE DEFAULT CELL_FLASH_CACHE DEFAULT)
  TABLESPACE "USERS" ;
--------------------------------------------------------
--  DDL for Index PK_EMP
--------------------------------------------------------

  CREATE UNIQUE INDEX "PK_EMP" ON "EMP" ("EMPNO") 
  PCTFREE 10 INITRANS 2 MAXTRANS 255 
  STORAGE(INITIAL 65536 NEXT 1048576 MINEXTENTS 1 MAXEXTENTS 2147483645
  PCTINCREASE 0 FREELISTS 1 FREELIST GROUPS 1 BUFFER_POOL DEFAULT FLASH_CACHE DEFAULT CELL_FLASH_CACHE DEFAULT)
  TABLESPACE "USERS" ;
--------------------------------------------------------
--  DDL for Index STD_ID
--------------------------------------------------------

  CREATE UNIQUE INDEX "STD_ID" ON "NEW_TABLE_2" ("STUDENTID") 
  PCTFREE 10 INITRANS 2 MAXTRANS 255 COMPUTE STATISTICS NOCOMPRESS LOGGING
  TABLESPACE "USERS" ;
--------------------------------------------------------
--  DDL for Index STUDENTID
--------------------------------------------------------

  CREATE UNIQUE INDEX "STUDENTID" ON "G2_STUDENT" ("STUDENTID") 
  PCTFREE 10 INITRANS 2 MAXTRANS 255 COMPUTE STATISTICS 
  STORAGE(INITIAL 65536 NEXT 1048576 MINEXTENTS 1 MAXEXTENTS 2147483645
  PCTINCREASE 0 FREELISTS 1 FREELIST GROUPS 1 BUFFER_POOL DEFAULT FLASH_CACHE DEFAULT CELL_FLASH_CACHE DEFAULT)
  TABLESPACE "USERS" ;
--------------------------------------------------------
--  DDL for Index STUDENT_ID
--------------------------------------------------------

  CREATE UNIQUE INDEX "STUDENT_ID" ON "LAB2" ("STUDENT_ID") 
  PCTFREE 10 INITRANS 2 MAXTRANS 255 COMPUTE STATISTICS 
  STORAGE(INITIAL 65536 NEXT 1048576 MINEXTENTS 1 MAXEXTENTS 2147483645
  PCTINCREASE 0 FREELISTS 1 FREELIST GROUPS 1 BUFFER_POOL DEFAULT FLASH_CACHE DEFAULT CELL_FLASH_CACHE DEFAULT)
  TABLESPACE "USERS" ;
--------------------------------------------------------
--  DDL for Index SYS_C0011054
--------------------------------------------------------

  CREATE UNIQUE INDEX "SYS_C0011054" ON "NEW_REGIONS" ("REGION_ID") 
  PCTFREE 10 INITRANS 2 MAXTRANS 255 
  STORAGE(INITIAL 65536 NEXT 1048576 MINEXTENTS 1 MAXEXTENTS 2147483645
  PCTINCREASE 0 FREELISTS 1 FREELIST GROUPS 1 BUFFER_POOL DEFAULT FLASH_CACHE DEFAULT CELL_FLASH_CACHE DEFAULT)
  TABLESPACE "USERS" ;
--------------------------------------------------------
--  DDL for Trigger G2_2_TRG
--------------------------------------------------------

  CREATE OR REPLACE TRIGGER "G2_2_TRG" 
BEFORE INSERT ON G2_2 
FOR EACH ROW 
BEGIN
  <<COLUMN_SEQUENCES>>
  BEGIN
    IF INSERTING AND :NEW.STUDENT_ID IS NULL THEN
      SELECT G2_2_SEQ.NEXTVAL INTO :NEW.STUDENT_ID FROM SYS.DUAL;
    END IF;
  END COLUMN_SEQUENCES;
END;
/
ALTER TRIGGER "G2_2_TRG" ENABLE;
--------------------------------------------------------
--  DDL for Trigger G2_STUDENT_TRG
--------------------------------------------------------

  CREATE OR REPLACE TRIGGER "G2_STUDENT_TRG" 
BEFORE INSERT ON G2_STUDENT 
FOR EACH ROW 
BEGIN
  <<COLUMN_SEQUENCES>>
  BEGIN
    NULL;
  END COLUMN_SEQUENCES;
END;
/
ALTER TRIGGER "G2_STUDENT_TRG" ENABLE;
--------------------------------------------------------
--  Constraints for Table BOOKS
--------------------------------------------------------

  ALTER TABLE "BOOKS" ADD CONSTRAINT "BOOKS" PRIMARY KEY ("BOOK_ID")
  USING INDEX PCTFREE 10 INITRANS 2 MAXTRANS 255 COMPUTE STATISTICS 
  STORAGE(INITIAL 65536 NEXT 1048576 MINEXTENTS 1 MAXEXTENTS 2147483645
  PCTINCREASE 0 FREELISTS 1 FREELIST GROUPS 1 BUFFER_POOL DEFAULT FLASH_CACHE DEFAULT CELL_FLASH_CACHE DEFAULT)
  TABLESPACE "USERS"  ENABLE;
 
  ALTER TABLE "BOOKS" MODIFY ("TITLE" NOT NULL ENABLE);
 
  ALTER TABLE "BOOKS" MODIFY ("AUTHOR_LAST_NAME" NOT NULL ENABLE);
--------------------------------------------------------
--  Constraints for Table BOOKS_TAHA
--------------------------------------------------------

  ALTER TABLE "BOOKS_TAHA" MODIFY ("BOOK_ID" NOT NULL ENABLE);
 
  ALTER TABLE "BOOKS_TAHA" MODIFY ("TITLE" NOT NULL ENABLE);
 
  ALTER TABLE "BOOKS_TAHA" MODIFY ("AUTHOR_LAT_NAME" NOT NULL ENABLE);
--------------------------------------------------------
--  Constraints for Table COCOMAN
--------------------------------------------------------

  ALTER TABLE "COCOMAN" ADD CONSTRAINT "PK_COCO" PRIMARY KEY ("ID")
  USING INDEX PCTFREE 10 INITRANS 2 MAXTRANS 255 NOCOMPRESS LOGGING
  TABLESPACE "USERS"  ENABLE;
 
  ALTER TABLE "COCOMAN" MODIFY ("ID" NOT NULL ENABLE);
 
  ALTER TABLE "COCOMAN" MODIFY ("COCO" NOT NULL ENABLE);
 
  ALTER TABLE "COCOMAN" MODIFY ("CREATED_DATE" NOT NULL ENABLE);
--------------------------------------------------------
--  Constraints for Table DEPT
--------------------------------------------------------

  ALTER TABLE "DEPT" ADD CONSTRAINT "PK_DEPT" PRIMARY KEY ("DEPTNO")
  USING INDEX PCTFREE 10 INITRANS 2 MAXTRANS 255 
  STORAGE(INITIAL 65536 NEXT 1048576 MINEXTENTS 1 MAXEXTENTS 2147483645
  PCTINCREASE 0 FREELISTS 1 FREELIST GROUPS 1 BUFFER_POOL DEFAULT FLASH_CACHE DEFAULT CELL_FLASH_CACHE DEFAULT)
  TABLESPACE "USERS"  ENABLE;
--------------------------------------------------------
--  Constraints for Table EMP
--------------------------------------------------------

  ALTER TABLE "EMP" ADD CONSTRAINT "PK_EMP" PRIMARY KEY ("EMPNO")
  USING INDEX PCTFREE 10 INITRANS 2 MAXTRANS 255 
  STORAGE(INITIAL 65536 NEXT 1048576 MINEXTENTS 1 MAXEXTENTS 2147483645
  PCTINCREASE 0 FREELISTS 1 FREELIST GROUPS 1 BUFFER_POOL DEFAULT FLASH_CACHE DEFAULT CELL_FLASH_CACHE DEFAULT)
  TABLESPACE "USERS"  ENABLE;
--------------------------------------------------------
--  Constraints for Table EXERCISE_1
--------------------------------------------------------

  ALTER TABLE "EXERCISE_1" ADD CONSTRAINT "BOOK_ID_PKEY" PRIMARY KEY ("BOOK_ID")
  USING INDEX PCTFREE 10 INITRANS 2 MAXTRANS 255 COMPUTE STATISTICS NOCOMPRESS LOGGING
  TABLESPACE "USERS"  ENABLE;
 
  ALTER TABLE "EXERCISE_1" MODIFY ("BOOK_ID" NOT NULL ENABLE);
 
  ALTER TABLE "EXERCISE_1" MODIFY ("EMPN" NOT NULL ENABLE);
 
  ALTER TABLE "EXERCISE_1" MODIFY ("AUTHOR_LAST_NAME" NOT NULL ENABLE);
--------------------------------------------------------
--  Constraints for Table G2_2
--------------------------------------------------------

  ALTER TABLE "G2_2" ADD CONSTRAINT "ID" PRIMARY KEY ("STUDENT_ID")
  USING INDEX PCTFREE 10 INITRANS 2 MAXTRANS 255 COMPUTE STATISTICS 
  STORAGE(INITIAL 65536 NEXT 1048576 MINEXTENTS 1 MAXEXTENTS 2147483645
  PCTINCREASE 0 FREELISTS 1 FREELIST GROUPS 1 BUFFER_POOL DEFAULT FLASH_CACHE DEFAULT CELL_FLASH_CACHE DEFAULT)
  TABLESPACE "USERS"  ENABLE;
 
  ALTER TABLE "G2_2" MODIFY ("STUDENT_ID" NOT NULL ENABLE);
--------------------------------------------------------
--  Constraints for Table G2_STUDENT
--------------------------------------------------------

  ALTER TABLE "G2_STUDENT" ADD CONSTRAINT "STUDENTID" PRIMARY KEY ("STUDENTID")
  USING INDEX PCTFREE 10 INITRANS 2 MAXTRANS 255 COMPUTE STATISTICS 
  STORAGE(INITIAL 65536 NEXT 1048576 MINEXTENTS 1 MAXEXTENTS 2147483645
  PCTINCREASE 0 FREELISTS 1 FREELIST GROUPS 1 BUFFER_POOL DEFAULT FLASH_CACHE DEFAULT CELL_FLASH_CACHE DEFAULT)
  TABLESPACE "USERS"  ENABLE;
 
  ALTER TABLE "G2_STUDENT" MODIFY ("STUDENTID" NOT NULL ENABLE);
--------------------------------------------------------
--  Constraints for Table LAB2
--------------------------------------------------------

  ALTER TABLE "LAB2" ADD CONSTRAINT "STUDENT_ID" PRIMARY KEY ("STUDENT_ID")
  USING INDEX PCTFREE 10 INITRANS 2 MAXTRANS 255 COMPUTE STATISTICS 
  STORAGE(INITIAL 65536 NEXT 1048576 MINEXTENTS 1 MAXEXTENTS 2147483645
  PCTINCREASE 0 FREELISTS 1 FREELIST GROUPS 1 BUFFER_POOL DEFAULT FLASH_CACHE DEFAULT CELL_FLASH_CACHE DEFAULT)
  TABLESPACE "USERS"  ENABLE;
 
  ALTER TABLE "LAB2" MODIFY ("STUDENT_ID" NOT NULL ENABLE);
 
  ALTER TABLE "LAB2" MODIFY ("DeptNO" NOT NULL ENABLE);
--------------------------------------------------------
--  Constraints for Table NEW_REGIONS
--------------------------------------------------------

  ALTER TABLE "NEW_REGIONS" ADD PRIMARY KEY ("REGION_ID")
  USING INDEX PCTFREE 10 INITRANS 2 MAXTRANS 255 
  STORAGE(INITIAL 65536 NEXT 1048576 MINEXTENTS 1 MAXEXTENTS 2147483645
  PCTINCREASE 0 FREELISTS 1 FREELIST GROUPS 1 BUFFER_POOL DEFAULT FLASH_CACHE DEFAULT CELL_FLASH_CACHE DEFAULT)
  TABLESPACE "USERS"  ENABLE;
--------------------------------------------------------
--  Constraints for Table NEW_TABLE
--------------------------------------------------------

  ALTER TABLE "NEW_TABLE" ADD CONSTRAINT "NEW_KEY" PRIMARY KEY ("STUDENT_ID", "NAME") DISABLE VALIDATE;
 
  ALTER TABLE "NEW_TABLE" MODIFY ("STUDENT_ID" NOT NULL DISABLE VALIDATE);
 
  ALTER TABLE "NEW_TABLE" MODIFY ("NAME" NOT NULL DISABLE VALIDATE);
--------------------------------------------------------
--  Constraints for Table NEW_TABLE3
--------------------------------------------------------

  ALTER TABLE "NEW_TABLE3" MODIFY ("SAL" NOT NULL ENABLE);
 
  ALTER TABLE "NEW_TABLE3" MODIFY ("EMPNAME" NOT NULL ENABLE);
--------------------------------------------------------
--  Constraints for Table NEW_TABLE_2
--------------------------------------------------------

  ALTER TABLE "NEW_TABLE_2" ADD CONSTRAINT "STD_ID" PRIMARY KEY ("STUDENTID")
  USING INDEX PCTFREE 10 INITRANS 2 MAXTRANS 255 COMPUTE STATISTICS NOCOMPRESS LOGGING
  TABLESPACE "USERS"  ENABLE;
 
  ALTER TABLE "NEW_TABLE_2" MODIFY ("STUDENTID" NOT NULL ENABLE);
--------------------------------------------------------
--  Constraints for Table PATRONSEX1
--------------------------------------------------------

  ALTER TABLE "PATRONSEX1" ADD CONSTRAINT "PATRON_ID_PKEY" PRIMARY KEY ("PATRON_ID")
  USING INDEX PCTFREE 10 INITRANS 2 MAXTRANS 255 COMPUTE STATISTICS NOCOMPRESS LOGGING
  TABLESPACE "USERS"  ENABLE;
 
  ALTER TABLE "PATRONSEX1" MODIFY ("PATRON_ID" NOT NULL ENABLE);
 
  ALTER TABLE "PATRONSEX1" MODIFY ("LAST_NAME" NOT NULL ENABLE);
--------------------------------------------------------
--  Constraints for Table TRANASACTIONS
--------------------------------------------------------

  ALTER TABLE "TRANASACTIONS" MODIFY ("TRANASACTION_ID" NOT NULL ENABLE);
--------------------------------------------------------
--  Ref Constraints for Table EMP
--------------------------------------------------------

  ALTER TABLE "EMP" ADD CONSTRAINT "FK_DEPTNO" FOREIGN KEY ("DEPTNO")
	  REFERENCES "DEPT" ("DEPTNO") ENABLE;
--------------------------------------------------------
--  Ref Constraints for Table G2_2
--------------------------------------------------------

  ALTER TABLE "G2_2" ADD CONSTRAINT "DEPT_NO" FOREIGN KEY ("DEPT_NO")
	  REFERENCES "DEPT" ("DEPTNO") ENABLE;
--------------------------------------------------------
--  Ref Constraints for Table G2_STUDENT
--------------------------------------------------------

  ALTER TABLE "G2_STUDENT" ADD CONSTRAINT "DEPTNO" FOREIGN KEY ("DEPT_NO")
	  REFERENCES "DEPT" ("DEPTNO") ENABLE;
--------------------------------------------------------
--  Ref Constraints for Table LAB2
--------------------------------------------------------

  ALTER TABLE "LAB2" ADD CONSTRAINT "DEPT_ID" FOREIGN KEY ("DeptNO")
	  REFERENCES "DEPT" ("DEPTNO") ENABLE;
--------------------------------------------------------
--  Ref Constraints for Table NEW_TABLE_2
--------------------------------------------------------

  ALTER TABLE "NEW_TABLE_2" ADD CONSTRAINT "STD_ID_FKEY" FOREIGN KEY ("STUDENTID")
	  REFERENCES "DEPT" ("DEPTNO") ENABLE;
--------------------------------------------------------
--  Ref Constraints for Table TRANASACTIONS
--------------------------------------------------------

  ALTER TABLE "TRANASACTIONS" ADD CONSTRAINT "PATRONS_FKEY" FOREIGN KEY ("PATRON_ID")
	  REFERENCES "PATRONSEX1" ("PATRON_ID") ENABLE;
 
  ALTER TABLE "TRANASACTIONS" ADD CONSTRAINT "P_KEY" FOREIGN KEY ("BOOK_ID")
	  REFERENCES "EXERCISE_1" ("BOOK_ID") ENABLE;
